Formula,MP id,Difficulty,Nsites,GGA,,HSE,,MP,Final expt. data,
,,,,"Band gap, eV ",,"Band gap, eV ",,"Band gap, eV","Band gap , eV",Ref. DOI
,,,,Direct,Indirect,Direct,Indirect,,,
NbO2,mp-557057,1,24,0.49,0.27,,,0.17,0.25,10.1063/1.3253115
Si3H,mp-995193,1,8,1.36,0.82,,,0.90,,
Si2Mo,mp-8938,1,9,0.60,0.12,,,0.09,,
SeO2,mp-560882,1,12,3.59,3.36,,,3.42,,
SeF4,mp-29172,1,20,4.07,4.02,5.41,5.28,4.14,,
SeBr2,mp-861891,1,6,0.77,0.77,1.74,1.74,0.82,,
SeBr,mp-540943,1,16,1.69,1.48,2.56,2.30,1.74,,
ScF3,mp-10694,1,4,6.48,5.95,9.17,8.56,6.07,,
ScCl3,mp-23309,1,8,3.70,3.60,5.08,4.88,3.87,,
Si3N4,mp-988,1,14,4.51,4.31,6.06,5.81,4.25,5.10,10.1063/1.3253115
Sc4C3,mp-15661,1,14,0.38,0.38,,,0.33,,
Sc2S3,mp-401,1,20,0.85,0.83,1.70,1.69,0.64,2.00,10.1063/1.3253115
Sc2O3,mp-755313,1,10,4.23,4.12,6.09,5.93,4.13,,
SO3,mp-561397,1,16,5.17,5.09,,,5.14,,
SO2,mp-27726,1,6,3.27,2.66,4.78,3.94,2.84,,
SF6,mp-8560,1,7,5.70,5.70,8.46,8.46,5.78,,
SCl,mp-28096,1,16,2.72,2.67,3.77,3.74,2.87,,
SBr,mp-28099,1,8,2.05,1.84,2.99,2.77,2.23,,
RuSe2,mp-1922,1,12,0.68,0.33,,,0.31,1.00,10.1063/1.3253115
RuS2,mp-2030,1,12,0.89,0.63,2.02,1.55,0.67,1.80,10.1063/1.3253115
RuO4,mp-547094,1,10,2.42,2.36,3.37,3.25,2.38,,
RuF6,mp-1025168,1,7,0.00,0.00,0.00,0.00,0.00,,
Sc2Se3,mp-684690,1,10,1.05,0.47,1.41,0.97,0.54,,
RuF4,mp-974434,1,10,0.00,0.00,,,0.53,,
Si3Ru2,mp-20191,1,20,0.41,0.41,0.84,0.83,0.38,,
ClF,mp-29504,1,8,1.92,1.92,3.51,3.51,2.05,,
ClF3,mp-556767,1,16,2.57,2.54,4.66,4.62,2.58,,
ClO3,mp-22869,1,16,1.25,1.25,2.54,2.53,1.36,,
Cu2O,mp-361,1,6,0.48,0.48,1.97,1.97,0.50,2.00,10.1139/p66-128
Cu2O3,mp-760432,1,10,0.28,0.26,1.37,1.32,0.12,,
Cu2S,mp-618991,1,12,0.78,0.60,1.90,1.75,0.13,1.70,10.1063/1.3253115
Cu2Se,mp-1021499,1,12,0.71,0.29,1.64,1.31,0.76,1.30,10.1063/1.3253115
Cu3Se2,mp-20683,1,10,0.00,0.00,0.00,0.00,0.10,,
Cu9S5,mp-542333,1,14,0.00,0.00,,,0.15,,
CuBr,mp-22913,1,2,0.54,0.54,,,0.49,2.99,10.1063/1.3253115
CuCl,mp-22914,1,2,0.65,0.65,,,0.56,3.31,10.1063/1.3253115
CuCl2,mp-30999,1,3,0.00,0.00,0.00,0.00,0.09,,
MgF2,mp-1249,1,6,7.07,7.07,9.88,9.88,6.82,10.80,10.1063/1.3253115
SiSe2,mp-568264,1,6,1.75,1.61,2.69,2.38,2.15,1.74,10.1063/1.3253115
SiS2,mp-1602,1,6,3.00,2.80,4.08,3.69,3.07,,
SiRu,mp-189,1,8,0.37,0.26,0.82,0.72,0.23,,
SiH8,mp-972825,1,9,7.12,6.99,7.84,7.53,6.98,,
SiH4,mp-23739,1,20,5.85,5.85,6.00,5.98,6.56,,
SiH,mp-29803,1,4,1.99,1.90,2.53,2.36,2.16,,
SiF4,mp-1818,1,5,8.35,7.68,10.91,10.14,7.72,,
SiCl4,mp-28391,1,20,5.54,5.47,7.08,6.99,5.55,,
SiC,mp-8062,1,2,4.54,1.35,5.76,2.24,1.37,2.20,10.1063/1.3253115
SiBr4,mp-574086,1,20,3.97,3.89,5.26,5.17,4.11,,
SiAs,mp-1863,1,12,1.59,1.36,1.39,1.30,1.45,1.45,10.1063/1.3253115
CuP2,mp-927,1,12,0.84,0.84,,,0.86,1.40,10.1063/1.3253115
Cl2O7,mp-31050,1,18,3.71,3.60,,,3.66,,
N2O5,mp-504769,1,14,0.91,0.79,3.17,3.01,0.66,,
MoSe2,mp-1634,1,6,1.36,0.88,1.99,1.43,1.42,,
MoO3,mp-715584,1,16,1.83,1.71,3.14,2.96,1.83,2.96,10.1063/1.3253115
MoO2,mvc-13677,1,12,0.00,0.00,0.00,0.00,1.09,,
ZrSe3,mp-1683,1,8,0.46,0.16,1.09,0.73,0.39,1.25,10.1063/1.3253115
MoF6,mp-558836,1,7,3.92,3.83,5.48,5.40,4.25,,
MoF5,mvc-14217,1,12,0.00,0.00,,,2.10,,
MoF3,mp-557539,1,8,0.00,0.00,,,3.57,,
MoBr3,mp-23312,1,16,0.87,0.61,1.57,1.35,0.77,,
NO2,mp-2789,1,18,2.71,2.71,4.23,4.23,2.81,,
MgP4,mp-384,1,10,0.63,0.63,1.21,1.15,0.73,,
Mg2Si,mp-1367,1,3,2.02,0.18,2.64,0.56,0.22,0.60,10.1063/1.3253115
Mg3As2,mp-7891,1,5,0.98,0.92,1.71,1.57,0.87,1.00,10.1063/1.3253115
MgAs4,mp-7623,1,20,0.78,0.76,1.37,1.35,0.81,,
MgB4,mp-365,1,20,0.88,0.41,1.28,0.73,0.36,,
MgBr2,mp-30034,1,3,4.35,4.35,5.58,5.57,4.47,,
MgCl2,mp-23210,1,3,5.59,5.59,7.05,7.05,5.62,,
H2C,mp-985782,1,12,6.92,6.68,8.52,8.05,6.48,,
Nb2O5,mp-1595,1,7,2.72,2.15,4.22,3.33,2.17,3.48,10.1063/1.3253115
H2O,mp-697111,1,12,5.82,5.59,7.72,7.35,5.52,,
H2S,mp-33024,1,12,4.30,4.30,5.14,5.10,4.09,,
H3F2,mp-983357,1,10,8.92,8.92,11.22,11.20,7.89,,
H3N,mp-29145,1,16,4.67,4.67,6.68,6.68,4.33,,
H4C,mp-1021328,1,5,7.99,7.99,,,7.79,,
HBr,mp-632229,1,4,4.60,4.60,,,4.68,,
HCl,mp-632326,1,4,5.88,5.88,,,5.82,,
HF,mp-632296,1,4,7.12,7.12,9.87,9.86,6.72,,
PF5,mp-8511,1,12,7.11,7.11,9.92,9.92,7.09,,
PCl5,mp-569410,1,18,1.97,1.85,3.11,3.08,1.65,,
PCl3,mp-23230,1,16,3.84,3.75,4.84,4.81,4.03,,
Nb3B4,mp-10255,1,7,0.00,0.00,0.00,0.00,0.00,,
PBr3,mp-27257,1,16,3.03,2.90,4.05,3.91,3.32,,
P4Ru,mp-27173,1,15,1.55,1.21,2.25,1.99,1.26,,
P3Ru,mp-28400,1,16,1.18,1.14,2.09,1.96,1.14,,
P3N5,mp-567907,1,16,3.86,3.58,5.38,5.04,3.55,,
P2S7,mp-1006118,1,18,1.84,1.78,,,1.89,,
P2Ru,mp-1413,1,6,1.28,0.46,1.81,1.02,0.48,1.00,10.1063/1.3253115
P2O5,mp-2452,1,14,5.30,5.30,,,5.35,,
OF3,mp-974002,1,8,1.36,1.35,4.04,4.02,0.81,,
NbSe2,mp-7007,1,3,0.00,0.00,,,0.06,1.40,10.1063/1.3253115
NbS3,mp-562100,1,16,0.57,0.24,1.38,1.03,0.40,,
NbS2,mp-966,1,3,0.00,0.00,0.00,0.00,0.15,,
NbCl4,mp-31040,1,10,1.02,0.92,2.03,1.81,1.08,,
NbBr5,mp-568245,1,12,1.55,1.52,,,1.60,,
NbAs2,mp-7598,1,6,0.00,0.00,0.00,0.00,0.03,,
Cl2O,mp-29537,1,12,0.98,0.91,,,1.05,,
MgH2,mp-23710,1,6,4.85,3.93,6.00,4.92,3.71,,
BH3,mp-634117,1,16,5.27,5.12,6.58,6.30,5.32,,
Y2O3,mp-558573,1,15,4.37,4.33,5.95,5.74,3.96,5.80,10.1021/acs.jpclett.5b00710
Y2Cl3,mp-27678,1,10,0.82,0.76,1.47,1.22,0.76,,
Be2C,mp-1569,1,3,4.18,1.17,5.21,1.94,1.16,,
Be3N2,mp-6977,1,10,4.76,3.38,6.18,4.69,3.33,,
Be3Nb,mp-11273,1,12,0.00,0.00,0.00,0.00,0.06,,
Be3Ru,mp-865562,1,4,0.00,0.00,0.00,0.00,0.00,,
BeBr2,mp-30139,1,6,5.45,5.33,6.62,6.52,5.18,,
BeCl2,mp-23267,1,6,6.80,6.53,7.96,7.80,6.33,,
BeF2,mp-558118,1,9,8.17,8.10,10.65,10.60,8.09,,
BeH2,mp-768203,1,18,5.72,5.70,6.02,5.90,5.33,,
As2Se3,mp-909,1,20,1.32,1.15,1.95,1.73,1.44,1.70,10.1063/1.3253115
As2S3,mp-641,1,20,2.01,1.79,2.74,2.57,2.09,2.57,10.1063/1.3253115
As2Ru,mp-766,1,6,1.19,0.43,1.58,0.96,0.45,0.80,10.1063/1.3253115
As2O3,mp-1581,1,20,3.48,3.35,4.49,4.32,3.62,4.00,10.1063/1.3253115
BrCl,mp-1008492,1,4,1.78,1.69,3.05,2.91,1.83,,
BrF3,mp-23297,1,8,2.25,2.04,3.87,3.63,2.16,,
BrF5,mp-27987,1,12,3.31,3.18,4.41,4.20,3.44,,
CF4,mp-1167,1,10,9.45,9.36,12.51,12.39,9.06,,
CO2,mp-20066,1,12,6.72,6.72,,,6.63,,
CS14,mp-27814,1,15,2.47,2.29,,,2.54,,
YBr3,mp-754815,1,8,3.57,3.56,,,3.98,,
YCl3,mp-27455,1,8,4.65,4.59,,,4.93,,
YF3,mp-2416,1,16,7.80,7.80,10.52,10.46,7.53,,
YMg3,mp-865376,1,4,0.00,0.00,0.00,0.00,0.00,,
Zn7Mo,mp-644500,1,8,0.00,0.00,0.00,0.00,0.00,,
B13C2,mp-576,1,15,0.00,0.00,0.00,0.00,0.01,,
B2S3,mp-866066,1,10,1.20,1.20,2.05,2.03,1.52,,
B4C,mp-696746,1,15,1.51,1.49,2.49,2.47,1.51,,
B6As,mp-624,1,14,2.72,2.68,,,2.65,,
B6O,mp-1346,1,14,1.93,1.93,2.87,2.85,1.85,,
B6P,mp-28395,1,14,2.47,2.44,3.44,3.20,2.48,,
BBr3,mp-23225,1,8,3.88,3.53,5.13,4.77,3.83,,
BCl3,mp-23184,1,8,4.81,4.46,,,4.71,,
ZnSe,mp-1190,1,2,1.32,1.32,2.48,2.48,1.17,2.67,10.1063/1.3253115
ZnBr2,mp-569960,1,3,3.24,3.18,4.52,4.31,3.28,,
ZnF2,mp-1873,1,6,3.42,3.42,6.08,6.08,3.48,,
AsS,mp-542846,1,16,1.61,1.53,2.30,2.18,2.02,2.40,10.1063/1.3253115
AsF5,mp-8723,1,12,4.44,4.44,6.91,6.91,4.60,,
AsF3,mp-28027,1,16,5.22,5.14,6.38,6.30,5.36,,
AsCl5,mp-30106,1,12,1.18,1.18,2.34,2.34,1.44,,
AsCl3,mp-23280,1,16,4.01,3.74,5.12,4.72,3.99,,
AsBr3,mp-23317,1,16,2.88,2.82,3.89,3.73,3.13,2.60,10.1063/1.3253115
YP5,mp-9854,1,12,0.69,0.07,1.26,0.59,0.13,,
ZnCl2,mp-22909,1,6,3.98,3.98,5.47,5.47,4.05,,
AlP,mp-1550,1,2,3.40,1.55,4.36,2.26,1.63,2.42,10.1063/1.3253115
ZrS2,mp-1186,1,3,1.63,0.83,2.42,1.51,1.05,1.68,10.1063/1.3253115
Al4C3,mp-1591,1,7,1.99,1.31,2.91,2.16,1.32,,
ZrO2,mp-2858,1,12,3.55,3.55,5.06,5.06,3.47,5.30,10.1021/acs.jpclett.5b00710
Zr3N4,mp-754381,1,14,0.75,0.58,1.73,1.44,0.56,,
AlH3,mp-23933,1,8,2.84,2.70,4.31,3.88,2.20,,
ZrCl2,mp-23162,1,3,1.62,1.02,2.06,1.40,0.85,,
AlCl3,mp-25469,1,8,5.19,5.12,6.52,6.39,5.26,,
AlBr3,mp-23288,1,16,3.87,3.87,5.04,5.04,4.10,,
Al2Ru,mp-10910,1,6,1.22,0.11,1.73,0.60,0.09,,
ZrCl4,mp-569175,1,10,3.62,3.60,4.73,4.67,3.61,,
Al2Se3,mp-11674,1,10,1.93,1.93,2.89,2.86,1.80,3.10,10.1063/1.3253115
AlF3,mp-468,1,8,7.98,7.98,10.98,10.94,7.60,,
ZrS3,mp-9921,1,8,1.17,1.10,2.03,1.88,1.11,2.17,10.1063/1.3253115
ZrF4,mp-34260,1,5,4.57,4.56,,,4.36,,
ZrSe2,mp-2076,1,3,1.05,0.13,1.79,0.69,0.33,2.00,10.1063/1.3253115
Ga2O3,mp-886,2,10,2.12,2.12,4.12,4.09,2.01,4.80,10.1021/acs.jpclett.5b00710
Ga2S3,mp-539,2,10,1.81,1.81,2.97,2.92,1.70,2.85,10.1063/1.3253115
Ga2Se3,mp-1340,2,10,1.16,1.16,,,1.04,2.30,10.1063/1.3253115
K3As,mp-14018,2,8,0.32,0.23,,,0.11,,
Ga3Ru,mp-672204,2,16,0.68,0.40,,,0.38,,
GaBr3,mp-30953,2,16,,,,,3.35,,
GaCl3,mp-30952,2,8,3.99,3.98,5.46,5.46,4.16,,
GaF3,mp-588,2,8,4.97,4.93,,,4.71,,
K2Se3,mp-7670,2,10,0.91,0.71,,,0.63,,
K2Se,mp-8426,2,3,2.31,2.17,,,2.09,1.80,10.1063/1.3253115
GaS,mp-2507,2,8,1.82,1.64,3.98,3.38,1.88,2.84,10.1063/1.3253115
K2S3,mp-7667,2,10,1.39,1.30,,,1.29,,
KAs,mp-713,2,16,0.74,0.74,,,0.67,,
RbBr,mp-22867,2,2,,,,,4.19,,
KCl,mp-23193,2,2,5.05,5.05,6.45,6.45,5.03,7.68,10.1063/1.3253115
KF,mp-463,2,2,,,,,6.00,9.61,10.1063/1.3253115
ZrGe,mp-1025513,2,8,0.00,0.00,,,0.00,,
KP,mp-7441,2,16,1.09,1.09,,,1.03,,
Rb2As3,mp-15556,2,10,0.54,0.52,,,0.40,,
Rb2O,mp-753746,2,3,1.93,1.34,3.25,2.61,0.45,,10.1021/acs.jpclett.5b00710
Rb2P3,mp-2079,2,10,0.74,0.74,1.35,1.35,0.76,,
Rb2S,mp-8041,2,3,2.43,2.04,3.39,2.94,1.96,,
Rb2S3,mp-7446,2,10,1.42,1.33,2.51,2.41,1.32,,
Rb2Se,mp-11327,2,3,2.21,1.87,,,1.80,,
Rb2Se3,mp-7447,2,10,0.93,0.72,,,0.67,,
KO2,mp-21325,2,6,0.00,0.00,0.00,0.00,0.00,,
KN3,mp-827,2,8,4.19,4.19,,,4.16,,
KH,mp-24084,2,2,3.43,3.43,4.53,4.53,3.44,,
KGa3,mp-181,2,12,0.34,0.25,,,0.22,,
KF2,mp-976802,2,6,0.00,0.00,0.00,0.00,1.35,,
RbAs,mp-10802,2,16,0.69,0.69,,,0.59,,
GaSe,mp-1943,2,8,1.03,1.02,3.64,3.26,1.24,2.20,10.1063/1.3253115
K2S,mp-1022,2,3,2.54,2.36,,,2.32,2.10,10.1063/1.3253115
K2P3,mp-569857,2,20,1.11,1.11,,,1.12,,
K2O2,mp-2672,2,8,2.54,2.43,,,2.34,,
GeRu,mp-1025397,2,8,0.28,0.15,,,0.19,,
GeS,mp-2242,2,8,1.24,1.23,,,1.24,0.89,10.1063/1.3253115
GeS2,mp-542613,2,18,2.38,2.29,,,2.24,3.54,10.1063/1.3253115
GeSe,mp-700,2,8,0.81,0.64,,,0.90,1.00,10.1063/1.3253115
GeSe2,mp-10074,2,6,1.54,1.07,,,1.52,2.38,10.1063/1.3253115
RbS,mp-9062,2,12,1.78,1.57,2.89,2.66,1.56,,
CaS,mp-1672,2,2,3.16,2.34,4.01,3.30,2.38,5.38,10.1063/1.3253115
CaP3,mp-9122,2,8,0.00,0.00,0.00,0.00,0.02,,
RbSe,mp-9063,2,12,1.21,0.83,,,0.91,,
CaP,mp-1345,2,12,1.08,0.36,1.73,1.02,0.34,,
CaN6,mp-676,2,14,3.50,3.50,,,3.54,,
RbN3,mp-743,2,8,4.24,4.24,,,4.17,,
CaH2,mp-23713,2,12,3.70,3.02,4.86,3.96,3.03,,
CaF2,mp-2741,2,3,7.51,7.26,10.06,9.68,7.12,10.00,10.1063/1.3253115
CaCl2,mp-22904,2,6,5.35,5.35,6.97,6.95,5.35,,
CaBr2,mp-22888,2,6,,,,,4.53,,
Ca5P8,mp-28879,2,13,1.19,1.18,,,1.14,,
RbO,mp-7895,2,4,,1.90,,3.44,1.76,,
GeO2,mp-733,2,9,3.32,3.28,5.29,5.22,3.25,5.40,10.1021/acs.jpclett.5b00710
K2O,mp-971,2,3,2.18,1.74,3.57,3.08,1.71,,
K2Ga3,mp-568052,2,10,0.48,0.37,0.95,0.64,0.22,,
RbCl,mp-23295,2,2,4.87,4.87,,,4.84,8.10,10.1063/1.3253115
Mg2Ge,mp-408,2,3,1.12,0.13,2.04,0.48,0.17,0.53,10.1063/1.3253115
RbF,mp-11718,2,2,5.67,5.61,8.03,7.84,5.52,10.40,10.1063/1.3253115
GeMo3,mp-494,2,8,0.00,0.00,0.00,0.00,0.03,,
RbF2,mp-867785,2,6,0.00,0.00,0.00,0.00,1.34,,
Ge3Ru2,mp-706531,2,20,0.40,0.40,,,0.35,,
RbGa3,mp-31493,2,12,0.41,0.24,0.83,0.55,0.15,,
GeAs,mp-9548,2,12,1.28,0.92,,,0.73,0.65,10.1063/1.3253115
GeBr4,mp-567604,2,20,,,,,2.93,,
RbH,mp-24721,2,2,2.80,2.80,3.79,3.79,2.92,,
GeCl4,mp-30086,2,20,3.98,3.93,5.53,5.48,4.13,,
GeF2,mp-7595,2,12,4.34,4.06,5.54,5.25,4.06,,
GeF4,mp-9816,2,5,5.66,5.27,7.78,7.44,5.50,,
RbF3,mp-975422,2,8,1.86,1.85,,,0.93,,
Ge3N4,mp-13852,2,14,2.05,2.05,,,1.89,,
KBr,mp-23251,2,2,,,,,4.31,,
LiBr,mp-976280,2,4,,,,,4.94,,
Li2Se,mp-2286,2,3,3.51,2.96,4.57,3.81,2.97,,
KS,mp-1287,2,12,1.84,1.46,,,1.47,,
Na3P,mp-1598,2,8,0.74,0.74,1.53,1.53,0.40,,
Li3Al2,mp-16506,2,5,0.00,0.00,,,0.24,,
Li3As,mp-757,2,8,2.08,0.65,2.77,1.36,0.64,,
Li3Ga2,mp-9568,2,5,0.00,0.00,0.00,0.00,0.00,,
SrF2,mp-981,2,3,7.00,6.90,9.46,9.35,6.75,,
NaF,mp-682,2,2,6.24,6.24,8.93,8.91,6.09,10.50,10.1063/1.3253115
Na3As,mp-1136,2,8,0.38,0.38,1.03,1.02,0.09,,
Li3N,mp-2251,2,4,1.51,1.08,2.52,2.01,0.98,,
Li3P,mp-736,2,8,2.13,0.70,2.89,1.53,0.70,,
Na2Se,mp-1266,2,3,2.12,2.12,3.19,3.19,2.02,2.00,10.1063/1.3253115
SrCu5,mp-2726,2,6,0.00,0.00,0.00,0.00,0.02,,
Li5Mg,mp-981935,2,6,0.00,0.00,0.00,0.00,0.00,,
Na2O2,mp-2340,2,12,2.36,1.87,4.59,4.05,1.74,,
Na2O,mp-2352,2,3,2.28,2.27,3.91,3.90,1.87,,10.1021/acs.jpclett.5b00710
TiCl4,mp-30092,2,20,3.30,3.27,4.57,4.52,3.46,,
TiCl3,mp-571424,2,16,0.24,0.15,1.57,1.46,0.01,,
TiBr4,mp-27634,2,20,,,,,2.78,,
NaBr,mp-22916,2,2,,,,,4.09,,
NaCl,mp-22862,2,2,5.07,5.07,6.60,6.59,5.00,8.40,10.1063/1.3253115
SrSe,mp-2758,2,2,2.74,2.16,,,2.23,4.45,10.1063/1.3253115
SrS3,mp-1175,2,8,1.02,1.02,,,1.07,,
SrS,mp-1087,2,2,2.93,2.46,3.93,3.39,2.50,4.76,10.1063/1.3253115
SrP3,mp-11108,2,8,0.00,0.00,0.18,0.18,0.01,,
SrP,mp-7931,2,12,1.11,0.51,1.80,1.18,0.46,,
SrO2,mp-2697,2,3,2.98,2.89,4.72,4.72,2.85,,
Li2S,mp-1153,2,3,4.27,3.36,5.36,4.34,3.39,,
SrN6,mp-2131,2,14,3.76,3.70,,,3.78,,
SrH2,mp-23714,2,12,3.81,3.02,4.82,3.91,3.15,,
Ca2N,mp-2686,2,3,0.00,0.00,0.00,0.00,0.02,,
Ca2Ge,mp-304,2,12,0.00,0.00,,,0.31,,
Ti3O5,mp-1147,2,16,0.00,0.00,,,0.00,,
Ti3Zn,mp-866186,2,4,0.00,0.00,0.00,0.00,0.00,,
TiBr3,mp-28214,2,8,0.15,0.04,,,0.02,,
LiAs,mp-7943,2,16,0.55,0.24,,,0.37,,
Li2O2,mp-841,2,8,2.15,2.14,,,1.97,,
LiF,mp-1138,2,2,8.90,8.90,11.21,11.21,8.72,11.70,10.1063/1.3253115
NaSe,mp-15668,2,8,0.55,0.54,,,0.48,,
NaSi,mp-2402,2,16,1.32,1.02,,,1.13,,
LiN3,mp-2659,2,4,4.17,3.76,5.51,5.07,3.64,,
TiF4,mvc-13239,2,10,4.96,4.92,6.98,6.89,4.33,,
LiCl,mp-22905,2,2,6.47,6.46,7.89,7.88,6.25,9.33,10.1063/1.3253115
LiP,mp-9588,2,16,0.97,0.69,1.61,1.33,0.81,,
TiS3,mp-9920,2,8,0.26,0.22,1.13,1.06,0.23,0.90,10.1063/1.3253115
Ca2Si,mp-2517,2,12,0.00,0.00,0.00,0.00,0.29,1.90,10.1063/1.3253115
Ca3N2,mp-1047,2,10,1.07,0.87,,,0.77,,
KSe,mp-9268,2,12,1.22,0.65,,,0.70,,
NaS,mp-2400,2,8,1.35,1.35,2.48,2.48,1.23,,
NaP,mp-7440,2,16,0.92,0.90,,,0.87,,
LiS4,mp-995393,2,10,,,,,2.16,,
LiH,mp-23703,2,2,2.84,2.84,3.87,3.86,2.97,,
SrCl2,mp-23209,2,3,5.52,5.21,6.86,6.61,5.23,,
SrBr2,mp-567744,2,12,4.49,4.49,,,4.47,,
SrAs,mp-1049,2,12,0.87,0.06,,,0.01,,
Sr3P4,mp-14288,2,14,1.11,0.94,,,0.89,,
Sr5Al9,mp-1109,2,14,0.00,0.00,,,0.01,,
Sr3As4,mp-15339,2,14,0.83,0.66,,,0.62,,
NaN3,mp-22003,2,4,4.39,4.16,5.67,5.17,4.02,,
Sr2Si,mp-1106,2,12,0.07,0.07,,,0.35,,
Sr2N,mp-1245,2,3,0.00,0.00,0.00,0.00,0.04,,
NaH,mp-23870,2,2,4.97,4.04,6.29,5.24,3.77,,
Sr2Ge,mp-2576,2,12,0.10,0.09,0.44,0.42,0.38,,
PrBr3,mp-23221,3,8,0.00,0.00,,,3.43,,
Pr2S3,mp-15179,3,20,,,,,0.78,,
Pr2O3,mp-2063,3,5,0.00,0.00,,,3.75,0.84,10.1063/1.3253115
Pr2I5,mp-22854,3,14,,,,,0.21,,
Pr2Br5,mp-23169,3,14,,,,,0.37,,
PdSe2,mp-2418,3,12,0.00,0.00,,,0.51,0.40,10.1063/1.3253115
PdS2,mp-13682,3,12,0.90,0.02,,,0.60,0.75,10.1063/1.3253115
PI3,mp-27529,3,8,1.62,1.61,,,2.27,,
PdI2,mp-27747,3,12,0.47,0.46,,,0.93,,
PdF4,mp-13868,3,10,0.77,0.76,,,0.67,,
PdCl2,mp-29487,3,18,1.07,1.07,,,1.37,,
ZnTe,mp-2176,3,2,1.03,1.03,1.95,1.95,1.03,2.18,10.1063/1.3253115
Nd2Te3,mp-16380,3,20,,,,,0.17,1.12,10.1063/1.3253115
NdI3,mp-864617,3,8,,,,,2.01,,
NdCu5,mp-1140,3,6,0.00,0.00,,,0.01,,
ZnSb,mp-753,3,16,0.47,0.10,,,0.04,0.48,10.1063/1.3253115
NdCl3,mp-23183,3,8,,,,,4.30,,
ZnPd3,mp-865425,3,4,0.00,0.00,,,0.00,,
NdBr3,mp-27975,3,8,,,,,2.92,,
NbI4,mp-570044,3,20,0.21,0.17,,,0.48,,
NdMg,mp-1327,3,2,0.00,0.00,,,0.00,,
NbI5,mp-569578,3,12,0.45,0.37,,,0.91,,
Nd2O3,mp-556995,3,15,,,,,3.64,0.97,10.1063/1.3253115
ZrI2,mp-570506,3,12,0.26,0.18,,,0.29,,
Nd2S3,mp-438,3,20,,,,,0.76,3.00,10.1063/1.3253115
PrCl3,mp-23211,3,8,0.00,0.00,,,4.34,,
NdS2,mp-13568,3,12,0.00,0.00,,,0.34,,
MgI2,mp-23205,3,3,3.31,3.15,,,3.62,,
ZrPd3,mp-1017543,3,4,0.00,0.00,0.00,0.00,0.00,,
ZrIr3,mp-1438,3,4,0.00,0.00,,,0.00,,
ZrIr,mp-11484,3,2,0.00,0.00,0.00,0.00,0.00,,
P3Ir,mp-13853,3,16,0.37,0.03,,,0.08,,
ZrI4,mp-541112,3,20,,,,,2.06,,
ZrI3,mp-570188,3,16,0.00,0.00,,,0.07,,
P2Rh,mp-15953,3,12,0.70,0.33,1.12,0.66,0.37,,
P2Pt,mp-730,3,12,1.65,1.23,,,1.02,0.80,10.1063/1.3253115
P2Pd,mp-28266,3,6,0.88,0.77,1.40,1.11,0.46,0.65,10.1063/1.3253115
P2Os,mp-2319,3,6,0.94,0.71,,,0.82,1.20,10.1063/1.3253115
MgPd2,mp-12741,3,12,0.00,0.00,,,0.01,,
P2Ir,mp-10155,3,12,1.50,0.56,,,0.63,,
OsO4,mp-540783,3,10,3.04,2.96,,,3.35,,
OsCl4,mp-571035,3,5,0.49,0.06,,,0.51,,
MgPd5,mp-976976,3,6,0.00,0.00,,,0.00,,
PI2,mp-29443,3,6,1.45,1.43,2.26,2.25,1.93,,
PrCu5,mp-2462,3,6,0.00,0.00,,,0.05,,
WCl6,mp-571518,3,7,1.50,1.50,,,1.92,,
PrI3,mp-862800,3,8,,,,,1.95,,
Tb3Al2,mp-980938,3,20,,,,,0.00,,
TbAg3,mp-980060,3,4,0.00,0.00,,,0.00,,
TbAu3,mp-1025478,3,8,,,,,0.00,,
TbBr3,mp-867247,3,8,,,,,2.86,,
TbCl3,mp-570232,3,16,,,,,4.52,,
TbF3,mp-11347,3,16,,,,,7.75,,
Tb2Se3,mp-15257,3,20,,,,,0.34,,
TbI3,mp-867231,3,8,0.00,0.00,,,2.09,,
TbN,mp-2117,3,2,0.00,0.00,,,0.01,,
Te2Mo,mp-602,3,6,1.08,0.75,1.36,1.35,0.97,1.08,10.1063/1.3253115
Te2O5,mp-12177,3,14,1.85,1.78,,,1.67,,
Te2Ru,mp-267,3,6,1.03,0.18,1.65,0.92,0.28,0.25,10.1063/1.3253115
Te2W,mp-1019322,3,6,0.69,0.61,,,0.94,0.08,10.1063/1.3253115
Te3As2,mp-484,3,10,0.65,0.62,,,0.44,0.62,10.1063/1.3253115
TbMg,mp-1635,3,2,,,,,0.00,,
Tb2S3,mp-9323,3,20,,,,,0.58,,
Tb2O3,mp-2457,3,15,,,,,3.94,,
TaS2,mp-1411,3,3,,,,,0.06,0.10,10.1063/1.3253115
SmF3,mp-7384,3,16,0.00,0.00,,,7.73,,
SmI3,mp-867893,3,8,0.00,0.00,,,2.01,,
SmMg,mp-2558,3,2,0.00,0.00,,,0.00,,
SmP5,mp-9849,3,12,0.00,0.00,0.00,0.00,0.02,,
SmPt,mp-1025431,3,8,,,,,0.00,,
SmSi,mp-1025489,3,8,,,,,0.00,,
WN2,mp-999549,3,3,1.94,1.43,,,1.07,,
Ta2H,mp-632311,3,3,0.00,0.00,,,0.00,,
Ta2O5,mvc-4415,3,14,2.92,2.30,,,2.73,4.60,10.1063/1.3253115
Ta3N5,mp-27488,3,16,1.52,1.40,,,1.21,,
TaF5,mvc-15779,3,12,5.25,5.25,,,5.02,,
TaRu3,mp-867816,3,4,0.00,0.00,,,0.00,,
SmCu5,mp-227,3,6,,,,,0.02,,
TeBr2,mp-867355,3,6,0.55,0.55,,,0.65,,
TeF6,mvc-15700,3,7,4.32,4.21,,,4.44,,
Tm2O3,mp-556253,3,15,,,,,4.17,,
Tm2S3,mp-14787,3,10,0.00,0.00,,,2.52,,
TmBr3,mp-865301,3,8,,,,,2.99,,
TmCl3,mp-28044,3,8,,,,,4.92,,
TmF3,mp-865194,3,4,0.00,0.00,,,5.37,,
TmI3,mp-865353,3,8,,,,,2.25,,
TmMg,mp-1505,3,2,0.00,0.00,0.00,0.00,0.00,,
TlSe,mp-1836,3,8,0.53,0.04,0.99,0.31,0.20,0.57,10.1063/1.3253115
TmN,mp-1975,3,2,0.00,0.00,,,0.16,,
TmPt,mp-1025409,3,8,,,,,0.00,,
WBr6,mp-28483,3,7,0.49,0.49,,,1.07,,
WCl4,mp-980949,3,10,0.31,0.23,,,0.25,,
TlPd3,mp-571030,3,4,0.00,0.00,,,0.00,,
TlI3,mp-28329,3,16,1.37,1.26,2.06,1.95,1.68,,
TeI,mp-569766,3,8,0.75,0.52,1.29,1.07,0.72,1.10,10.1063/1.3253115
TeO2,mp-2739,3,12,2.86,2.78,,,2.80,3.00,10.1063/1.3253115
TeO3,mp-2552,3,8,1.26,1.23,,,1.15,,
WF5,mvc-14167,3,12,0.06,0.04,,,3.19,,
Tl2O,mp-551470,3,6,0.47,0.46,1.21,0.93,0.52,,
Tl2Te3,mp-29711,3,10,0.71,0.50,,,0.73,0.48,10.1063/1.3253115
Tl4O3,mp-27684,3,14,1.09,1.01,,,1.10,,
TlBr,mp-568560,3,2,1.85,1.85,,,2.30,3.05,10.1063/1.3253115
TlCl,mp-569639,3,2,2.10,2.10,,,2.54,3.46,10.1063/1.3253115
TlCl2,mp-27205,3,12,1.80,1.73,,,2.24,,
TlF,mp-720,3,8,3.01,3.00,,,3.20,,
TlF3,mp-2632,3,16,0.49,0.43,2.52,2.50,1.26,,
TlI,mp-571102,3,2,1.73,1.73,2.34,2.32,2.21,2.67,10.1063/1.3253115
TeF4,mp-561664,3,20,3.76,3.73,,,4.02,,
SmCl3,mp-867875,3,8,0.00,0.00,,,3.49,,
SmBr3,mp-27976,3,8,0.00,0.00,,,2.93,,
RhF6,mp-1025250,3,7,0.79,0.76,2.73,2.57,0.89,,
Zn3Ir,mp-865362,3,4,0.00,0.00,,,0.00,,
YbTe,mp-1779,3,2,,,,,1.47,,
YbSe,mp-286,3,2,,,,,1.96,,
YbS2,mp-672705,3,6,,,,,1.21,,
YbS,mp-1820,3,2,,,,,2.22,,
RhF3,mp-2068,3,8,1.05,0.87,,,0.86,,
YbO,mp-1216,3,2,,,,,3.46,,
Sb2Ir,mp-1247,3,12,0.69,0.46,,,0.49,,
Sb2O3,mp-2136,3,20,1.88,1.88,,,2.22,3.20,10.1063/1.3253115
Sb2O5,mp-1705,3,14,0.61,0.55,,,0.81,,
Sb2Os,mp-2695,3,6,0.98,0.42,1.43,1.02,0.34,0.20,10.1063/1.3253115
Sb2Rh,mp-2682,3,12,0.00,0.00,,,0.00,,
Sb2Ru,mp-20928,3,6,0.58,0.04,,,0.01,0.30,10.1063/1.3253115
Sb2S3,mp-2809,3,20,1.19,1.15,,,1.28,1.63,10.1063/1.3253115
YbN2,mp-864757,3,6,,,,,0.00,,
RhCl3,mp-27770,3,8,1.48,1.41,,,1.52,,
RhBr3,mp-27871,3,8,1.16,1.08,,,1.26,,
Rh2S3,mp-17173,3,20,0.15,0.14,,,0.19,0.80,10.1063/1.3253115
PrMg,mp-1548,3,2,0.00,0.00,0.00,0.00,0.00,,
PrN,mp-1009639,3,2,0.04,0.04,0.00,0.00,1.56,,
PrS2,mp-555096,3,12,0.00,0.00,,,0.34,,
Pt3W,mp-862798,3,4,0.00,0.00,0.00,0.00,0.00,,
PtCl2,mp-23290,3,18,1.24,1.21,,,1.82,,
PtF4,mp-8943,3,10,1.17,1.15,,,1.12,,
PtI2,mp-28319,3,12,0.83,0.80,,,1.23,,
PtO2,mp-1285,3,6,0.77,0.45,,,0.64,0.20,10.1063/1.3253115
PtS,mp-288,3,4,0.51,0.51,,,0.37,0.80,10.1063/1.3253115
PtS2,mp-762,3,3,0.00,0.00,2.56,2.54,1.54,0.75,10.1063/1.3253115
PtSe2,mp-1115,3,3,0.00,0.00,1.98,1.75,0.83,0.10,10.1063/1.3253115
Zn3Rh,mp-865342,3,4,0.00,0.00,0.00,0.00,0.00,,
Re2O7,mvc-7040,3,18,1.46,1.45,,,3.47,,
ReF7,mp-643265,3,16,1.73,1.70,,,1.98,,
ReSe2,mp-541582,3,12,0.99,0.94,,,1.14,0.99,10.1063/1.3253115
Sb2Se3,mp-2160,3,20,0.73,0.71,,,0.76,1.10,10.1063/1.3253115
Sb2Te3,mp-1201,3,5,0.19,0.16,,,0.29,0.30,10.1063/1.3253115
Sb3Ir,mp-1239,3,16,0.17,0.17,,,0.05,,
SbBr3,mp-570005,3,16,2.86,2.75,3.71,3.56,3.11,,
YTe,mp-865430,3,2,0.00,0.00,,,0.00,,
YPt,mp-1025448,3,8,0.00,0.00,,,0.00,,
YI3,mp-571442,3,8,2.63,2.21,,,3.04,,
Si2W,mp-8939,3,9,0.70,0.03,,,0.03,,
Y2Au,mp-979911,3,12,0.00,0.00,,,0.00,,
Si3Os2,mp-16609,3,20,0.74,0.62,,,0.72,,
WSe2,mp-1821,3,6,1.30,0.91,,,1.45,1.35,10.1063/1.3253115
WS2,mp-224,3,6,1.65,0.97,,,1.60,1.10,10.1063/1.3253115
WO3,mp-18773,3,16,1.11,1.07,,,1.33,2.70,10.1063/1.3253115
SiOs,mp-2488,3,8,0.26,0.20,,,0.51,,
SiPt2,mp-1024071,3,9,0.00,0.00,,,0.00,,
WO2,mp-19372,3,12,0.00,0.00,,,1.39,,
Sm2O3,mp-1745,3,15,,,,,3.74,,
Sm2S3,mp-1403,3,20,,,,,0.74,,
Sm2Se3,mp-15081,3,20,,,,,0.31,,
Sm3Rh2,mp-17391,3,15,,,,,0.00,,
PrH3,mp-981547,3,4,,,,,0.16,,
Yb3N2,mp-864675,3,10,0.00,0.00,,,0.34,,
YbBr2,mp-22882,3,6,,,,,4.50,,
SbCl3,mp-22872,3,16,3.54,3.48,,,3.74,,
SbCl5,mp-23176,3,12,1.47,1.47,,,1.82,,
SbF3,mp-1880,3,8,4.50,4.38,,,4.44,,
SbF5,mvc-14697,3,12,3.67,3.53,,,3.68,,
SbI3,mp-23281,3,8,1.78,1.71,,,2.14,2.12,10.1063/1.3253115
SbO2,mp-1819,3,12,2.34,2.23,,,2.02,,
SbPd2,mp-542106,3,12,0.00,0.00,,,0.02,,
SbTe,mp-7716,3,12,0.00,0.00,,,0.03,,
YbI2,mp-570418,3,3,,,,,4.01,,
YbH2,mp-864603,3,12,0.14,0.08,,,2.91,,
YbF2,mp-865934,3,6,,,,,6.73,,
Sc2Te3,mp-685069,3,20,0.00,0.00,,,0.00,,
YbCl2,mp-865716,3,6,,,,,5.40,,
YbC2,mp-1100,3,3,0.00,0.00,,,1.02,,
ScI2,mp-862329,3,6,0.00,0.00,,,0.00,,
Ag2O,mp-38238,3,9,0.00,0.00,,,0.02,0.64,10.1063/1.3253115
LuAu3,mp-1025526,3,8,0.00,0.00,,,0.00,,
ZrTe5,mp-605,3,12,0.08,0.08,,,0.04,,
HgS,mp-634,3,6,0.88,0.81,,,1.71,0.70,10.1063/1.3253115
HgPd3,mp-863720,3,4,0.00,0.00,,,0.00,,
HgO,mp-1224,3,8,1.31,0.96,,,1.19,1.02,10.1063/1.3253115
HgI2,mp-23192,3,6,0.78,0.78,,,1.33,2.10,10.1063/1.3253115
HgI,mp-22859,3,4,1.70,1.51,2.41,2.12,1.65,2.37,10.1063/1.3253115
HgF2,mp-8177,3,3,0.50,0.50,,,0.97,,
HgF,mp-706,3,4,2.43,1.45,,,1.76,,
HgCl2,mp-22855,3,12,2.73,2.73,,,2.87,4.45,10.1063/1.3253115
HgCl,mp-22897,3,4,3.06,2.19,,,2.72,2.84,10.1063/1.3253115
HgBr2,mp-23292,3,6,2.11,2.11,,,2.54,3.59,10.1063/1.3253115
HgBr,mp-23177,3,4,2.51,1.86,,,2.26,2.60,10.1063/1.3253115
HgSe,mp-1018722,3,6,0.42,0.31,,,1.03,0.24,10.1063/1.3253115
HfTe5,mp-1168,3,12,0.19,0.06,,,0.00,,
HfSe3,mp-15622,3,8,0.00,0.00,,,0.32,,
HfS3,mp-9922,3,8,1.12,1.03,1.92,1.82,1.13,2.80,10.1063/1.3253115
HfS2,mp-985829,3,3,1.64,0.79,,,1.23,1.96,10.1063/1.3253115
HfO2,mp-352,3,12,4.42,4.42,,,4.02,5.80,10.1021/acs.jpclett.5b00710
HfI4,mp-569059,3,20,1.38,1.38,,,2.35,,
HfCl4,mp-29422,3,10,3.79,3.75,,,4.16,,
Hf3N4,mp-755988,3,14,1.02,0.88,,,0.92,,
HI,mp-697025,3,16,2.58,2.58,,,4.07,,
GdTl3,mp-20503,3,4,0.00,0.00,,,0.00,,
CeSe2,mp-1021484,3,9,0.00,0.00,,,0.01,,
GdSi2,mp-21192,3,6,0.00,0.00,,,0.01,,
HgTe,mp-358,3,6,0.15,0.08,,,0.48,0.15,10.1063/1.3253115
Ho2O3,mp-558336,3,15,,,,,4.06,2.84,10.1063/1.3253115
CdS,mp-672,3,4,1.20,1.20,,,1.12,2.39,10.1063/1.3253115
CdSb,mp-1321,3,16,0.53,0.15,,,0.35,0.43,10.1063/1.3253115
CdSe,mp-2691,3,2,0.46,0.46,1.96,1.95,3.58,1.87,10.1063/1.3253115
CdTe,mp-406,3,2,0.45,0.45,1.77,1.77,0.58,1.60,10.1063/1.3253115
CeAg,mp-2756,3,2,0.00,0.00,,,0.00,,
CeAu,mp-1025468,3,8,0.00,0.00,,,0.00,,
CeBr3,mp-569850,3,8,,,,,0.09,,
CeCu2,mp-2801,3,6,0.00,0.00,,,0.00,,
CeI3,mp-1025426,3,8,,,0.00,0.00,0.02,,
ICl3,mp-27729,3,8,1.53,1.50,,,1.77,,
ICl,mp-567998,3,16,1.64,1.55,,,1.83,,
CeS,mp-1096,3,2,0.00,0.00,,,0.00,,
IBr,mp-27639,3,4,1.34,1.30,,,1.40,,
CeO2,mp-20194,3,3,2.05,1.95,,,1.86,2.00,10.1063/1.3253115
HoN,mp-883,3,2,0.00,0.00,,,0.09,1.79,10.1063/1.3253115
HoMg,mp-1199,3,2,0.00,0.00,,,0.00,,
HoI3,mp-864657,3,8,,,,,2.22,,
CePd7,mp-1025415,3,8,0.00,0.00,,,0.00,,
HoF3,mp-561877,3,16,0.00,0.00,,,7.75,,
HoCl3,mp-864662,3,8,,,,,3.70,,
Ho2Se3,mp-9824,3,20,,,,,0.79,,
Ho2S3,mp-8956,3,20,,,,,0.61,,
CdP4,mp-7904,3,10,0.54,0.50,,,0.65,1.00,10.1063/1.3253115
GdRu2,mp-646926,3,6,0.00,0.00,,,0.00,,
GdRh,mp-1742,3,2,0.00,0.00,,,0.17,,
Mg3Sb2,mp-2646,3,5,1.00,0.09,1.65,0.55,0.22,0.80,10.1063/1.3253115
EuTl2,mp-30630,3,6,0.00,0.00,,,0.06,,
EuSe,mp-21009,3,2,0.00,0.00,,,0.05,1.78,10.1063/1.3253115
EuRh2,mp-623827,3,6,,,,,0.00,,
EuPt2,mp-22797,3,6,,,,,0.01,,
EuPd2,mp-1854,3,6,0.00,0.00,,,0.01,,
EuMg,mp-21253,3,2,0.00,0.00,,,0.05,,
EuIr2,mp-995,3,6,0.00,0.00,,,0.01,,
EuI2,mp-23305,3,12,,,,,1.35,,
EuCu5,mp-2066,3,6,0.00,0.00,,,0.04,,
EuCl2,mp-22887,3,12,0.56,0.56,,,1.34,,
EuCd2,mp-30487,3,6,0.00,0.00,,,0.00,,
EuAg5,mp-542568,3,6,0.00,0.00,,,0.04,,
EuAg,mp-665747,3,8,,,,,0.00,,
ErPt,mp-1025444,3,8,0.00,0.00,0.00,0.00,0.00,,
ErN,mp-19830,3,2,0.00,0.00,,,0.12,2.40,10.1063/1.3253115
ErMg,mp-2228,3,2,0.00,0.00,,,0.00,,
ErI3,mp-866003,3,8,0.00,0.00,,,2.04,,
ErF3,mp-9371,3,16,0.00,0.00,,,7.62,,
ErCl3,mp-867891,3,8,0.12,0.12,,,3.77,,
Er2Te3,mp-14643,3,20,,,,,0.05,0.90,10.1063/1.3253115
Er2Se3,mp-209,3,20,,,,,0.79,1.66,10.1063/1.3253115
Er2S3,mp-9092,3,20,,,,,1.16,,
Er2O3,mp-2460,3,15,,,,,4.11,,
EuB6,mp-20874,3,7,0.00,0.00,,,0.61,,
GdRh2,mp-20084,3,6,0.00,0.00,,,0.03,,
DyMg,mp-2077,3,2,0.00,0.00,,,0.00,,
GdPt3,mp-20272,3,4,0.00,0.00,,,0.05,,
GdPt2,mp-1422,3,6,0.00,0.00,,,0.02,,
GdPt,mp-11428,3,8,0.00,0.00,,,0.01,,
GdPd3,mp-21427,3,4,,,,,0.07,,
GdPd,mp-11427,3,4,0.00,0.00,,,0.00,,
GdP5,mp-680742,3,12,0.00,0.00,,,0.20,,
GdOs2,mp-510184,3,12,0.00,0.00,,,0.01,,
GdMg3,mp-20534,3,4,0.00,0.00,,,0.00,,
GdIr3,mp-510400,3,4,0.00,0.00,,,0.01,,
GdHg,mp-11422,3,2,0.00,0.00,,,0.01,,
GdF3,mp-972965,3,4,3.29,3.26,,,2.87,,
GdCl3,mp-23265,3,8,2.07,2.04,,,2.00,,
GdCd3,mp-22138,3,8,0.00,0.00,,,0.00,,
DyN,mp-1410,3,2,0.00,0.00,,,0.05,2.10,10.1063/1.3253115
GdBr3,mp-27182,3,8,1.92,1.91,,,2.20,,
GdAg2,mp-19783,3,3,0.00,0.00,,,0.00,,
Gd2S3,mp-608146,3,20,,,,,0.46,,
Gd2O3,mp-643084,3,15,,,,,2.86,,
Gd2Cl3,mp-656152,3,10,,,,,0.12,,
CuI,mp-570136,3,12,1.37,1.37,,,1.63,3.05,10.1063/1.3253115
Dy2O3,mp-555574,3,15,,,,,4.00,,
Dy2S3,mp-1270,3,20,,,,,0.59,,
Dy2Se3,mp-7368,3,20,,,,,0.36,,
DyBr3,mp-864982,3,8,0.00,0.00,,,3.00,,
DyCl3,mp-28448,3,8,0.00,0.00,,,3.89,,
DyI3,mp-865005,3,8,,,,,2.17,,
GdAl2,mp-19923,3,6,0.00,0.00,,,0.06,,
CdP2,mp-402,3,12,1.76,1.47,,,1.49,1.55,10.1063/1.3253115
HoBr3,mp-977375,3,8,0.00,0.00,,,2.84,,
IF7,mp-27988,3,16,1.52,1.43,,,1.47,,
LuB2,mp-11219,3,3,0.00,0.00,,,0.12,,
LuAl3,mp-2805,3,4,0.00,0.00,0.00,0.00,0.00,,
Lu2S3,mp-2826,3,10,2.77,2.41,,,2.57,,
Lu2O3,mp-556477,3,15,3.79,3.79,,,4.28,3.94,10.1063/1.3253115
As2Os,mp-2455,3,6,1.18,0.65,,,0.65,0.90,10.1063/1.3253115
As2Pt,mp-2513,3,12,1.00,0.30,1.44,0.70,0.08,0.55,10.1063/1.3253115
As2Rh,mp-15954,3,12,0.39,0.15,,,0.24,,
As3Ir,mp-540912,3,16,0.18,0.18,,,0.79,,
AsI3,mp-23218,3,8,1.79,1.72,,,2.24,2.29,10.1063/1.3253115
Au2O3,mp-27253,3,10,0.96,0.77,,,0.82,,
Au2S,mp-947,3,6,1.60,1.60,,,1.90,,
AuBr,mp-505366,3,8,1.32,1.30,,,1.69,,
AuCl,mp-32780,3,8,1.55,1.55,,,1.87,,
AuCl2,mp-541656,3,12,1.03,0.81,,,0.90,,
AuCl3,mp-27647,3,16,1.18,1.11,,,1.35,,
AuI,mp-27725,3,8,1.15,0.68,,,2.09,,
AuSe,mp-2793,3,4,0.00,0.00,,,0.26,,
BI3,mp-23189,3,8,2.32,2.28,,,2.68,,
LaZn,mp-2615,3,2,0.00,0.00,,,0.00,,
LaSe2,mp-570668,3,12,0.00,0.00,,,0.24,,
LaPd3,mp-674,3,4,0.00,0.00,,,0.00,,
LaN,mp-567290,3,4,1.16,0.75,,,1.12,,
LaMg,mp-1104,3,2,0.00,0.00,,,0.00,,
LaI3,mp-27979,3,8,1.68,1.34,,,2.06,,
LaH3,mp-973064,3,4,0.00,0.00,,,0.47,,
LaF3,mp-8354,3,8,6.29,6.20,,,5.76,6.60,10.1063/1.3253115
LuBr3,mp-866214,3,8,2.34,2.34,,,3.07,,
LuCd,mp-2217,3,2,0.00,0.00,,,0.04,,
LuCd3,mp-11306,3,8,0.00,0.00,,,0.00,,
LuCl3,mp-865324,3,8,3.03,3.03,,,3.85,,
LuZn,mp-11496,3,2,0.00,0.00,,,0.06,,
LuTl3,mp-2060,3,4,0.00,0.00,0.00,0.00,0.09,,
LuSb,mp-516,3,2,0.00,0.00,,,0.00,,
LuPt,mp-1025438,3,8,0.00,0.00,,,0.00,,
Ag2O3,mp-546190,3,10,0.50,0.41,,,0.34,,
Ag2S,mp-31053,3,6,0.00,0.00,,,1.36,1.03,10.1063/1.3253115
Ag2Se,mp-754954,3,12,0.62,0.50,,,0.14,0.18,10.1063/1.3253115
Ag3P11,mp-27821,3,14,1.16,0.84,,,0.83,,
AgBr,mp-866291,3,2,0.99,0.99,,,1.17,2.52,10.1063/1.3253115
LaCl3,mp-22896,3,8,3.80,3.77,,,3.65,,
AgCl,mp-22922,3,2,3.11,0.86,,,0.95,3.08,10.1063/1.3253115
AgO,mp-1288,3,16,0.34,0.14,,,0.18,,
AgP2,mp-8200,3,12,0.69,0.68,,,0.66,,
Al2Os,mp-7188,3,3,1.42,0.36,1.78,1.07,0.30,,
Al2Te5,mp-9254,3,7,1.03,0.78,1.53,1.35,1.04,,
Al4W,mp-30336,3,15,0.00,0.00,,,0.03,,
AlI3,mp-30930,3,16,2.67,2.67,,,3.26,,
AlSb,mp-2624,3,2,1.44,0.98,2.24,1.61,1.23,1.62,10.1063/1.3253115
As2Ir,mp-15649,3,12,1.01,0.68,1.60,1.10,0.81,,
LuN,mp-1102,3,2,0.00,0.00,,,0.24,,
LuI3,mp-865521,3,8,1.44,1.44,,,2.18,,
LuHg,mp-2522,3,2,0.00,0.00,,,0.07,,
LuH3,mp-865610,3,4,0.00,0.00,,,0.04,,
AgI,mp-22925,3,2,1.12,1.12,,,1.37,2.82,10.1063/1.3253115
LaBr2,mp-28572,3,6,0.00,0.00,,,0.59,,
La2Br5,mp-28571,3,14,0.00,0.00,,,0.34,,
La2I5,mp-30282,3,14,0.00,0.00,,,0.25,,
IrO3,mp-1021489,3,4,0.00,0.00,,,0.00,,
IrBr3,mp-27397,3,8,1.31,1.30,,,1.56,,
Ir2S3,mp-861979,3,10,1.00,0.82,,,1.12,,
IrCl3,mp-27666,3,8,1.65,1.60,,,1.89,,
Be3Ir,mp-862714,3,4,0.00,0.00,0.00,0.00,0.00,,
BeI2,mp-570886,3,6,3.56,3.34,,,4.07,,
La2O3,mp-1968,3,5,3.88,3.86,,,3.81,2.86,10.1063/1.3253115
CdAs,mp-7373,3,16,0.59,0.28,,,0.09,,
CdAs2,mp-471,3,6,0.95,0.23,,,0.15,0.89,10.1063/1.3253115
La2S3,mp-7475,3,20,0.68,0.68,,,1.03,1.32,10.1063/1.3253115
CdCl2,mp-22881,3,3,3.62,3.48,,,3.52,5.70,10.1063/1.3253115
LaAu,mp-1025399,3,8,0.00,0.00,,,0.00,,
La4Rh3,mp-626,3,14,0.00,0.00,,,0.03,,
IrF3,mp-2437,3,8,1.23,1.07,,,0.96,,
CdO,mp-13119,3,4,0.00,0.00,,,0.02,0.60,10.1021/acs.jpclett.5b00710
CdF2,mp-241,3,3,3.45,3.00,5.79,5.37,2.90,6.00,10.1063/1.3253115
LaBr3,mp-23263,3,8,2.85,2.85,,,2.92,,
IrI3,mp-1025442,3,8,0.89,0.89,1.86,1.81,1.28,,
CdBr2,mp-27934,3,6,2.62,2.62,,,2.94,4.47,10.1063/1.3253115
CdI2,mp-28248,3,6,2.04,1.78,,,2.37,3.19,10.1063/1.3253115
DyGa2,mp-20064,4,3,,,,,0.00,,
SnS,mp-2231,4,8,,,,,0.91,0.09,10.1063/1.3253115
SnS2,mp-1170,4,3,1.72,1.33,2.68,2.41,1.56,2.60,10.1063/1.3253115
SnTe,mp-1883,4,2,0.35,0.24,,,0.04,0.36,10.1063/1.3253115
SnSe2,mp-665,4,3,0.90,0.44,,,0.70,0.97,10.1063/1.3253115
BaS3,mp-239,4,8,1.34,1.34,,,1.37,,
BaS2,mp-684,4,6,,,,,1.58,,
Sr2Pb,mp-30828,4,12,,,,,0.01,,
SnO,mp-2097,4,4,1.91,0.02,2.84,2.84,0.41,,
BaS,mp-1500,4,2,1.73,1.73,,,2.15,3.88,10.1063/1.3253115
Sr2Sn,mp-978,4,12,0.00,0.00,,,0.16,,
BaP3,mp-7808,4,8,0.57,0.43,,,0.57,,
SnSe,mp-691,4,8,,,,,0.52,0.90,10.1063/1.3253115
SnI4,mp-571436,4,5,0.00,0.00,,,1.52,2.38,10.1063/1.3253115
SnBr2,mp-29862,4,12,2.36,2.34,,,2.54,3.40,10.1063/1.3253115
SnBr4,mp-23216,4,20,,,,,2.70,,
SnCl2,mp-569152,4,12,,,,,3.07,3.90,10.1063/1.3253115
Ce3In,mp-20984,4,4,0.00,0.00,,,0.00,,
SnCl4,mp-29866,4,20,,,,,3.55,,
CaTe,mp-1519,4,2,2.35,1.17,,,1.55,4.07,10.1063/1.3253115
CaI2,mp-30031,4,3,3.88,3.04,,,3.90,5.98,10.1063/1.3253115
Ca5Hg3,mp-31154,4,16,,,,,0.00,,
Ca2Sn,mp-22735,4,12,,,,,0.06,0.90,10.1063/1.3253115
Ca2Pb,mp-30478,4,12,,,,,0.00,0.46,10.1063/1.3253115
SnF2,mp-7457,4,12,3.67,3.27,,,3.25,,
SnF3,mp-8289,4,8,3.12,2.59,,,2.72,,
BaSe2,mp-7547,4,6,,,,,0.60,,
SnF4,mp-2706,4,5,3.27,3.12,,,3.10,,
SnI2,mp-27194,4,9,,,,,1.71,2.40,10.1063/1.3253115
CsTe,mp-8361,4,8,0.34,0.25,,,1.11,,
BaNa2,mp-11820,4,12,0.00,0.00,,,0.01,,
TiI3,mp-23264,4,16,,,,,0.16,,
Ba2Si,mp-9905,4,12,,,,,0.00,,
Ti2Ag,mp-979115,4,3,0.00,0.00,,,0.00,,
TePb,mp-19717,4,2,0.06,0.06,,,0.81,0.34,10.1063/1.3253115
CsBr3,mp-27641,4,16,,,,,2.20,,
Ba3P4,mp-14289,4,14,1.01,0.88,,,0.48,,
CsBr,mp-571222,4,2,4.50,4.47,,,4.26,6.80,10.1063/1.3253115
TiI4,mp-541013,4,10,0.66,0.54,,,1.09,,
CsAu,mp-2667,4,2,0.79,0.72,,,1.02,,
Cs2Te3,mp-505634,4,10,0.02,0.02,,,0.64,,
Cs2Te,mp-573763,4,12,,,,,1.77,3.50,10.1063/1.3253115
Cs2Se3,mp-7449,4,10,0.34,0.34,,,0.74,,
Cs2Se,mp-1011695,4,3,2.49,2.28,,,1.80,,
Cs2S,mp-540703,4,12,2.76,2.65,,,2.10,,
Cs2P3,mp-14652,4,10,0.77,0.70,,,0.84,,
Cs2O,mp-7988,4,3,2.63,2.15,,,0.59,,
Ba5Sb4,mp-10089,4,18,,,,,0.26,,
Cs2In3,mp-567752,4,10,0.00,0.00,,,0.01,,
Cs2As3,mp-15557,4,10,1.47,1.47,,,0.45,,
Cs3Sb,mp-10378,4,4,1.02,0.62,,,0.61,1.60,10.1063/1.3253115
BaO,mp-1342,4,2,1.47,1.47,,,2.09,4.10,10.1021/acs.jpclett.5b00710
Ta3Ge,mp-17728,4,16,0.00,0.00,,,0.00,,
Ba2N,mp-1892,4,3,0.00,0.00,,,0.05,,
CsSb,mp-573514,4,16,,,,,0.56,,
SrHg3,mp-982376,4,8,0.00,0.00,,,0.00,,
SrI2,mp-568284,4,12,3.41,3.41,,,3.80,,
CsS,mp-29266,4,4,,,,,1.71,,
CsO,mp-7896,4,4,2.19,2.19,,,1.65,,
CsN3,mp-510557,4,8,3.64,3.55,,,4.22,,
CsK2,mp-30577,4,12,0.00,0.00,,,0.01,,
CsI4,mp-571011,4,20,,,,,1.78,,
CsI3,mp-22876,4,16,,,,,1.90,,
CsI,mp-614603,4,2,3.92,3.92,,,3.86,6.20,10.1063/1.3253115
CsH,mp-632319,4,2,2.61,2.59,3.48,3.45,2.57,,
Ba2Pb,mp-21246,4,12,,,,,0.03,,
CsGa3,mp-574338,4,12,0.00,0.00,,,0.05,,
Yb2Ge,mp-1694,4,12,,,,,0.04,,
BaI2,mp-23260,4,12,,,,,3.45,,
BaH2,mp-23715,4,12,2.67,1.58,3.60,2.41,2.87,,
BaF2,mp-1029,4,3,7.43,7.28,,,6.60,9.06,10.1063/1.3253115
BaCl2,mp-568662,4,3,5.58,5.53,6.91,6.90,5.43,,
BaBr2,mp-27456,4,12,,,,,4.37,,
BaAs2,mp-31243,4,18,0.26,0.25,,,0.41,,
SrTe,mp-1958,4,2,2.20,1.42,,,1.76,3.77,10.1063/1.3253115
CsF,mp-1784,4,2,5.03,5.03,,,5.26,10.00,10.1063/1.3253115
CsCl,mp-573697,4,2,4.68,4.68,5.70,5.67,4.85,7.40,10.1063/1.3253115
Ba2Ge,mp-13922,4,12,0.00,0.00,,,0.00,,
BaN6,mp-1707,4,14,3.64,3.64,,,3.82,,
Sn4P3,mp-27410,4,7,0.00,0.00,,,0.03,,
Mg3Pb,mp-978293,4,4,,,,,0.00,,
In2O3,mp-22323,4,10,1.14,1.03,,,0.96,2.60,10.1021/acs.jpclett.5b00710
In2S3,mp-673633,4,10,,,,,1.09,1.10,10.1063/1.3253115
In2Se3,mp-1017565,4,5,,,,,0.15,1.20,10.1063/1.3253115
In2Te5,mp-582549,4,14,,,,,1.04,,
In3Ru,mp-607450,4,16,0.56,0.19,,,0.21,,
Pb3O4,mp-636813,4,14,,,,,1.31,2.12,10.1063/1.3253115
InBr,mp-22870,4,4,1.12,1.12,,,1.26,,
InBr3,mp-570219,4,8,,,,,2.49,,
InCl,mp-571555,4,4,,,,,2.20,,
InCl3,mp-862983,4,8,2.73,2.70,,,3.01,,
InF3,mp-6949,4,8,4.08,4.08,,,4.02,,
InHg,mp-20132,4,2,0.00,0.00,,,0.15,,
InAs,mp-1007652,4,4,0.05,0.01,,,0.03,0.33,10.1063/1.3253115
InI,mp-23202,4,4,1.98,1.96,,,1.34,,
PbBr2,mp-862868,4,6,,,,,2.57,3.20,10.1063/1.3253115
PbCl4,mp-570355,4,10,1.58,1.58,,,2.11,,
Rb3Au7,mp-31144,4,10,0.00,0.00,,,0.00,,
Rb2Te5,mp-31002,4,7,,,,,0.23,,
Rb2Te3,mp-2095,4,20,,,,,0.66,,
Rb2Te,mp-441,4,3,2.05,1.81,,,1.88,4.50,10.1063/1.3253115
PrSn2,mp-1025069,4,6,,,,,0.00,,
PbSe,mp-2201,4,2,0.17,0.17,,,0.43,0.31,10.1063/1.3253115
PbCl2,mp-862871,4,6,2.57,2.56,,,3.10,3.82,10.1063/1.3253115
PbS2,mp-1025039,4,6,0.78,0.42,,,0.63,,
PbO2,mp-20725,4,6,0.06,0.03,,,0.02,1.40,10.1063/1.3253115
PbO,mp-19921,4,4,2.12,1.33,,,1.47,1.94,10.1063/1.3253115
PbI2,mp-22883,4,3,,,,,2.42,2.32,10.1063/1.3253115
Sn3As4,mp-570377,4,7,,,,,0.39,,
PbF3,mp-20652,4,16,1.64,1.64,,,1.88,,
PbF2,mp-315,4,3,4.28,4.14,,,4.40,,
PbS,mp-21276,4,2,0.00,0.00,,,0.47,0.28,10.1063/1.3253115
InI3,mp-567789,4,16,,,,,2.27,,
InN,mp-22205,4,4,0.00,0.00,,,0.00,2.40,10.1063/1.3253115
InP,mp-20351,4,2,0.75,0.75,,,0.47,,
Li2Te,mp-2530,4,3,3.12,2.15,,,2.49,,
Na3In,mp-864758,4,4,0.00,0.00,,,0.00,,
Li3In2,mp-21293,4,5,0.00,0.00,,,0.00,,
Na2Te,mp-2784,4,3,1.94,1.94,,,2.03,2.00,10.1063/1.3253115
Li3Pt,mp-867227,4,4,0.00,0.00,,,0.00,,
Li3Sb,mp-2074,4,4,2.72,0.57,,,0.70,1.00,10.1063/1.3253115
LiI,mp-570935,4,4,,,,,4.38,5.62,10.1063/1.3253115
LiIr,mp-279,4,2,0.00,0.00,,,0.01,,
LiPb,mp-2314,4,2,0.00,0.00,0.00,0.00,0.00,,
LiPd3,mp-861936,4,4,0.00,0.00,,,0.00,,
LiPt,mp-11807,4,2,0.00,0.00,,,0.00,,
LiPt7,mp-30765,4,8,0.00,0.00,,,0.00,,
Li5Tl2,mp-12283,4,7,0.00,0.00,,,0.03,,
Na3Sb,mp-7956,4,8,0.52,0.52,,,0.40,1.00,10.1063/1.3253115
NaCd3,mp-865077,4,4,0.00,0.00,,,0.00,,
InPd3,mp-510436,4,4,0.00,0.00,,,0.10,,
InS,mp-19795,4,8,1.52,0.80,,,1.35,1.86,10.1063/1.3253115
InSe,mp-22691,4,4,2.68,1.79,,,1.78,1.36,10.1063/1.3253115
K2Te,mp-1747,4,3,2.12,2.06,,,2.14,1.90,10.1063/1.3253115
K2Te3,mp-7289,4,20,,,,,0.57,,
K3Sb,mp-14017,4,8,0.45,0.45,,,0.39,1.00,10.1063/1.3253115
KI,mp-22898,4,2,3.74,3.74,,,3.85,5.61,10.1063/1.3253115
KSb,mp-1536,4,16,0.86,0.86,,,0.90,,
KSb2,mp-29055,4,6,0.79,0.29,,,0.21,,
KTe,mp-2072,4,8,0.44,0.44,,,0.66,,
La3Sn,mp-1681,4,4,0.00,0.00,,,0.00,,
LaGe2,mp-19761,4,6,,,,,0.01,,
NaSb,mp-7944,4,16,,,,,0.60,,
NaI,mp-23268,4,2,3.56,3.56,,,3.53,5.80,10.1063/1.3253115
Rb3Sb,mp-16319,4,8,0.28,0.19,,,0.09,1.70,10.1063/1.3253115
RbAu,mp-30373,4,2,0.99,0.02,0.00,0.00,0.37,,
PbF4,mp-341,4,5,1.96,1.86,,,1.90,,
GeTe,mp-938,4,2,0.41,0.30,,,0.60,0.84,10.1063/1.3253115
GdSn3,mp-19919,4,4,0.00,0.00,,,0.05,,
GeI2,mp-27922,4,9,2.43,2.20,,,2.02,1.50,10.1063/1.3253115
GdGe,mp-19918,4,4,,,,,0.01,,
Re3Ge7,mp-29141,4,20,0.76,0.12,,,0.02,,
GePt3,mp-16315,4,8,0.00,0.00,,,0.00,,
RbTe,mp-9064,4,12,0.76,0.11,,,0.43,,
RbI3,mp-28328,4,16,1.52,1.49,,,1.86,,
SmPb3,mp-867238,4,4,,,,,0.00,,
GeRh,mp-20866,4,8,0.00,0.00,,,0.18,,
Ge3Os2,mp-510032,4,20,0.76,0.76,,,0.85,,
ScSn2,mp-2398,4,12,0.00,0.00,,,0.03,,
RbSb,mp-7444,4,16,0.63,0.63,,,0.54,,
Ga2I3,mp-636675,4,20,2.29,2.23,,,2.22,,
Ga2Ir,mp-31253,4,18,0.00,0.00,,,0.01,,
Ga2Os,mp-570875,4,6,,,,,0.67,,
Ga2Te3,mp-38970,4,10,,,,,0.64,1.08,10.1063/1.3253115
Ga2Te5,mp-2371,4,7,0.62,0.62,,,0.96,,
Ga3Os,mp-570844,4,16,0.77,0.60,,,0.67,,
GaI3,mp-30954,4,16,1.32,1.32,,,2.36,,
GaPt,mp-1025551,4,8,0.00,0.00,,,0.00,,
GaSb,mp-1018059,4,4,,,,,0.06,0.81,10.1063/1.3253115
GaTe,mp-542812,4,12,,,,,1.01,1.42,10.1063/1.3253115
RbI,mp-22903,4,2,3.64,3.64,,,3.78,5.83,10.1063/1.3253115
RbSb2,mp-568018,4,6,1.01,0.62,,,0.27,,
Ge7Ir3,mp-505780,4,20,0.00,0.00,,,0.13,,
FeSe,mp-20311,5,4,0.00,0.00,0.00,0.00,0.00,,
FeSi,mp-871,5,8,0.22,0.20,,,0.18,0.10,10.1063/1.3253115
Ni3O4,mp-656887,5,7,0.00,0.00,,,0.38,,
Ni3Se4,mp-573,5,7,0.00,0.00,,,0.01,,
NiCl2,mp-27396,5,3,0.00,0.00,,,0.92,,
NiO,mp-19009,5,2,0.00,0.00,2.80,2.80,2.50,3.50,10.1021/acs.jpclett.5b00710
NiP2,mp-486,5,6,,,,,0.54,0.50,10.1063/1.3253115
NiS2,mvc-1,5,12,0.00,0.00,,,0.09,0.50,10.1063/1.3253115
VS4,mp-541155,5,20,0.91,0.85,,,0.94,,
FeSe2,mp-760,5,6,1.02,0.43,,,0.36,0.50,10.1063/1.3253115
NiF2,mp-559798,5,6,0.99,0.99,4.52,3.79,4.80,,
FeS2,mp-1522,5,6,1.38,0.98,2.82,2.16,0.88,1.20,10.1063/1.3253115
FeP4,mp-570553,5,20,1.00,0.89,,,0.80,,
MnP4,mp-487,5,10,0.59,0.46,,,0.43,,
AlFe3,mp-2018,5,4,0.00,0.00,,,0.01,,
AlCr2,mp-1699,5,3,,,,,0.01,,
MnO2,mp-19395,5,12,1.00,0.96,,,1.06,0.70,10.1063/1.3253115
Al3Cr,mp-867780,5,4,0.00,0.00,0.00,0.00,0.00,,
MnO,mp-19006,5,2,0.00,0.00,,1.36,0.54,1.84,10.1063/1.3253115
AlNi3,mp-672232,5,4,0.00,0.00,,,0.00,,
MnF4,mp-765921,5,10,,,,,0.03,,
MnF2,mp-560902,5,6,2.37,2.26,3.60,3.60,2.87,9.90,10.1063/1.3253115
MnCl2,mp-28233,5,3,,,,,1.79,,
MnBr2,mp-28306,5,3,0.00,0.00,0.00,0.00,1.59,,
Mn3O4,mp-18759,5,14,0.68,0.67,,,0.66,,
MnF3,mp-764949,5,8,0.00,0.00,,,0.26,,
MnSe,mp-999540,5,4,1.37,0.71,2.97,2.95,0.06,1.80,10.1063/1.3253115
Fe2O3,mp-24972,5,10,0.57,0.54,,,1.58,1.06,10.1063/1.3253115
FeP2,mp-20027,5,6,0.96,0.47,2.05,1.60,0.43,0.40,10.1063/1.3253115
FeO,mp-756436,5,4,0.00,0.00,,,0.69,2.10,10.1021/acs.jpclett.5b00710
FeF3,mp-556197,5,8,1.62,1.62,,,3.11,,
FeF2,mp-556911,5,6,0.48,0.48,3.93,3.86,3.24,,
FeCl3,mp-676241,5,8,0.88,0.68,,,0.81,,
FeCl2,mp-23229,5,3,0.00,0.00,0.00,0.00,0.02,,
Zn3Co,mp-981215,5,4,0.00,0.00,0.00,0.00,0.00,,
FeBr2,mp-22880,5,3,0.00,0.00,0.00,0.00,0.54,,
FeAs2,mp-2008,5,6,0.62,0.33,,,0.28,0.20,10.1063/1.3253115
Fe3O4,mp-31770,5,14,0.46,0.12,,,0.93,,
VF5,mp-766154,5,12,3.09,3.04,,,3.31,,
CrNi3,mp-1007974,5,4,0.00,0.00,,,0.00,,
CrSi2,mp-11191,5,9,0.60,0.40,,,0.36,0.35,10.1063/1.3253115
CrSe2,mvc-13180,5,12,,,,,0.00,,
CrO2,mvc-12040,5,12,0.00,0.00,,,0.12,0.23,10.1063/1.3253115
Cr2O3,mp-19399,5,10,1.03,0.97,,,2.47,1.00,10.1063/1.3253115
CoAs2,mp-2715,5,12,0.17,0.16,,,0.17,0.15,10.1063/1.3253115
CoP3,mp-1944,5,16,0.00,0.00,,,0.28,,
CoBr2,mp-30033,5,3,,,,,0.16,,
CoCl2,mp-23240,5,3,0.00,0.00,,,0.15,,
CoF2,mp-556520,5,6,0.26,0.12,,,3.07,,
CoF4,mvc-13941,5,10,,,,,1.66,,
CoP2,mp-14285,5,12,0.43,0.42,,,0.44,,
Cr3S4,mp-964,5,7,0.00,0.00,,,0.01,,
CoO,mp-19128,5,4,0.00,0.00,2.56,2.43,0.72,2.80,10.1021/acs.jpclett.5b00710
VF4,mp-554799,5,10,0.61,0.53,,,2.24,,
CrF6,mvc-11142,5,7,1.74,1.68,,,2.08,,
VF3,mp-559931,5,8,0.00,0.00,,,1.55,,
VF2,mp-555934,5,6,1.08,1.08,0.63,0.55,2.25,,
VCo3,mp-1017529,5,4,0.00,0.00,,,0.00,,
VCl4,mp-865511,5,20,0.08,0.06,,,0.12,,
CrF5,mvc-14215,5,12,,,,,1.18,,
VCl2,mp-22877,5,3,0.00,0.00,0.00,0.00,1.25,,
VBr2,mp-971787,5,3,0.00,0.00,0.00,0.00,1.13,,
CrF3,mp-560338,5,8,1.56,1.52,,,2.84,,
CrF2,mp-554340,5,6,1.14,0.99,4.11,3.96,2.6,,
V2O5,mp-25620,5,14,1.95,1.67,,,2.2,2.0,10.1063/1.3253115
CrCl3,mp-27630,5,8,1.64,1.61,,,1.5,,
V2O3,mp-18937,5,10,0.00,0.00,,,0.5,0.1,10.1063/1.3253115
CoO2,mvc-14149,5,12,0.16,0.02,,,0.5,,
Ga3Fe,mp-636368,6,16,0.67,0.43,,,0.2,,
FeGe,mp-21255,6,8,0.16,0.13,,,0.1,,
MnI2,mp-28013,7,3,0.87,0.51,,,1.2,4.0,10.1063/1.3253115
CoSb3,mp-1317,7,16,0.06,0.06,,,0.2,,
VI2,mp-1018138,7,3,1.00,0.97,,,1.0,,